{"cameraMode":{"drawMode":0,"name":"Shaded","section":"Shading Mode"},"sceneLighting":true,"audioPlay":false,"sceneViewState":{"showFog":false,"showMaterialUpdate":false,"showSkybox":false,"showFlares":false,"showImageEffects":false,"showParticleSystems":false},"in2DMode":false,"pivot":{"x":-1.5347713232040406,"y":59.597923278808597,"z":-7.739376068115234},"rotation":{"x":0.4798794388771057,"y":0.03682750090956688,"z":-0.020166806876659395,"w":0.8763291239738464},"size":3.882704973220825,"orthographic":false}