{"cameraMode":{"drawMode":0,"name":"Shaded","section":"Shading Mode"},"sceneLighting":true,"audioPlay":false,"sceneViewState":{"showFog":false,"showMaterialUpdate":false,"showSkybox":false,"showFlares":false,"showImageEffects":false,"showParticleSystems":false},"in2DMode":false,"pivot":{"x":43.666236877441409,"y":8.224952697753907,"z":13.598403930664063},"rotation":{"x":0.48109737038612368,"y":0.0407370887696743,"z":-0.022387180477380754,"w":0.8754339814186096},"size":71.50940704345703,"orthographic":false}