{"cameraMode":{"drawMode":0,"name":"Shaded","section":"Shading Mode"},"sceneLighting":false,"audioPlay":false,"sceneViewState":{"showFog":false,"showMaterialUpdate":false,"showSkybox":false,"showFlares":false,"showImageEffects":false,"showParticleSystems":false},"in2DMode":false,"pivot":{"x":-8.36669635772705,"y":-1.758298397064209,"z":-1.6523094177246094},"rotation":{"x":-0.20839056372642518,"y":0.025515032932162286,"z":-0.005438273772597313,"w":-0.9776977300643921},"size":19.006694793701173,"orthographic":false}