{"cameraMode":{"drawMode":0,"name":"Shaded","section":"Shading Mode"},"sceneLighting":true,"audioPlay":false,"sceneViewState":{"showFog":false,"showMaterialUpdate":false,"showSkybox":false,"showFlares":false,"showImageEffects":false,"showParticleSystems":false},"in2DMode":false,"pivot":{"x":118.79660034179688,"y":-71.79754638671875,"z":97.54469299316406},"rotation":{"x":-0.26128947734832766,"y":-0.25619712471961977,"z":0.072147898375988,"w":-0.9278391599655151},"size":167.1123046875,"orthographic":false}