{"cameraMode":{"drawMode":0,"name":"Shaded","section":"Shading Mode"},"sceneLighting":true,"audioPlay":false,"sceneViewState":{"showFog":false,"showMaterialUpdate":false,"showSkybox":false,"showFlares":false,"showImageEffects":false,"showParticleSystems":false},"in2DMode":false,"pivot":{"x":78.36116027832031,"y":-74.0345687866211,"z":120.11836242675781},"rotation":{"x":-0.26128947734832766,"y":-0.25619712471961977,"z":0.072147898375988,"w":-0.9278391599655151},"size":229.799072265625,"orthographic":false}