{"cameraMode":{"drawMode":0,"name":"Shaded","section":"Shading Mode"},"sceneLighting":false,"audioPlay":false,"sceneViewState":{"showFog":true,"showMaterialUpdate":false,"showSkybox":true,"showFlares":true,"showImageEffects":true,"showParticleSystems":true},"in2DMode":false,"pivot":{"x":0.0,"y":2.9800000190734865,"z":0.5864272117614746},"rotation":{"x":-0.18757092952728272,"y":0.682530403137207,"z":-0.18802140653133393,"w":-0.6808945536613464},"size":14.176345825195313,"orthographic":false}