{"cameraMode":{"drawMode":0,"name":"Shaded","section":"Shading Mode"},"sceneLighting":false,"audioPlay":false,"sceneViewState":{"showFog":true,"showMaterialUpdate":false,"showSkybox":true,"showFlares":true,"showImageEffects":true,"showParticleSystems":true},"in2DMode":false,"pivot":{"x":3.516362428665161,"y":4.82078742980957,"z":14.389212608337403},"rotation":{"x":-0.44042181968688967,"y":-0.11127619445323944,"z":0.05511755123734474,"w":-0.8891615867614746},"size":68.27181243896485,"orthographic":false}