{"cameraMode":{"drawMode":0,"name":"Shaded","section":"Shading Mode"},"sceneLighting":false,"audioPlay":false,"sceneViewState":{"showFog":true,"showMaterialUpdate":false,"showSkybox":true,"showFlares":true,"showImageEffects":true,"showParticleSystems":true},"in2DMode":false,"pivot":{"x":-5.327131271362305,"y":3.6391725540161135,"z":-0.02827254682779312},"rotation":{"x":-0.18757092952728272,"y":0.682530403137207,"z":-0.18802140653133393,"w":-0.6808945536613464},"size":30.073143005371095,"orthographic":false}